date,productId,quantity
2024-01-01,P1,9
2024-01-02,P1,23
2024-01-03,P1,16
2024-01-04,P1,21
2024-01-05,P1,28
2024-01-06,P1,14
2024-01-07,P1,17
2024-01-08,P1,19
2024-01-09,P1,22
2024-01-10,P1,24
2024-01-11,P1,20
2024-01-12,P1,17
2024-01-13,P1,11
2024-01-14,P1,20
2024-01-15,P1,25
2024-01-16,P1,22
2024-01-17,P1,14
2024-01-18,P1,20
2024-01-19,P1,19
2024-01-20,P1,2
2024-01-21,P1,20
2024-01-22,P1,23
2024-01-23,P1,16
2024-01-24,P1,19
2024-01-25,P1,16
2024-01-26,P1,23
2024-01-27,P1,23
2024-01-28,P1,17
2024-01-29,P1,22
2024-01-30,P1,17
2024-01-31,P1,14
2024-02-01,P1,11
2024-02-02,P1,28
2024-02-03,P1,19
2024-02-04,P1,27
2024-02-05,P1,10
2024-02-06,P1,15
2024-02-07,P1,25
2024-02-08,P1,15
2024-02-09,P1,22
2024-02-10,P1,20
2024-02-11,P1,9
2024-02-12,P1,13
2024-02-13,P1,27
2024-02-14,P1,26
2024-02-15,P1,15
2024-02-16,P1,18
2024-02-17,P1,11
2024-02-18,P1,13
2024-02-19,P1,19
2024-02-20,P1,33
2024-02-21,P1,5
2024-02-22,P1,20
2024-02-23,P1,14
2024-02-24,P1,16
2024-02-25,P1,16
2024-02-26,P1,21
2024-02-27,P1,24
2024-02-28,P1,25
2024-02-29,P1,22
2024-03-01,P1,15
2024-03-02,P1,14
2024-03-03,P1,18
2024-03-04,P1,16
2024-03-05,P1,19
2024-03-06,P1,19
2024-03-07,P1,17
2024-03-08,P1,19
2024-03-09,P1,21
2024-03-10,P1,15
2024-03-11,P1,21
2024-03-12,P1,26
2024-03-13,P1,16
2024-03-14,P1,19
2024-03-15,P1,21
2024-03-16,P1,12
2024-03-17,P1,23
2024-03-18,P1,19
2024-03-19,P1,18
2024-03-20,P1,20
2024-03-21,P1,8
2024-03-22,P1,19
2024-03-23,P1,25
2024-03-24,P1,17
2024-03-25,P1,16
2024-03-26,P1,27
2024-03-27,P1,17
2024-03-28,P1,21
2024-03-29,P1,19
2024-03-30,P1,23
2024-03-31,P1,16
2024-04-01,P1,16
2024-04-02,P1,18
2024-04-03,P1,25
2024-04-04,P1,24
2024-04-05,P1,9
2024-04-06,P1,15
2024-04-07,P1,27
2024-04-08,P1,23
2024-04-09,P1,18
2024-04-10,P1,24
2024-04-11,P1,14
2024-04-12,P1,17
2024-04-13,P1,14
2024-04-14,P1,17
2024-04-15,P1,26
2024-04-16,P1,21
2024-04-17,P1,16
2024-04-18,P1,19
2024-04-19,P1,14
2024-04-20,P1,11
2024-04-21,P1,23
2024-04-22,P1,19
2024-04-23,P1,26
2024-04-24,P1,16
2024-04-25,P1,21
2024-04-26,P1,21
2024-04-27,P1,15
2024-04-28,P1,22
2024-04-29,P1,23
2024-04-30,P1,14
2024-05-01,P1,27
2024-05-02,P1,19
2024-05-03,P1,20
2024-05-04,P1,10
2024-05-05,P1,18
2024-05-06,P1,12
2024-05-07,P1,17
2024-05-08,P1,22
2024-05-09,P1,18
2024-05-10,P1,28
2024-05-11,P1,12
2024-05-12,P1,18
2024-05-13,P1,20
2024-05-14,P1,26
2024-05-15,P1,21
2024-05-16,P1,16
2024-05-17,P1,14
2024-05-18,P1,16
2024-05-19,P1,13
2024-05-20,P1,15
2024-05-21,P1,20
2024-05-22,P1,22
2024-05-23,P1,19
2024-05-24,P1,11
2024-05-25,P1,14
2024-05-26,P1,10
2024-05-27,P1,13
2024-05-28,P1,12
2024-05-29,P1,20
2024-05-30,P1,24
2024-05-31,P1,24
2024-06-01,P1,13
2024-06-02,P1,14
2024-06-03,P1,11
2024-06-04,P1,31
2024-06-05,P1,18
2024-06-06,P1,29
2024-06-07,P1,14
2024-06-08,P1,19
2024-06-09,P1,18
2024-06-10,P1,12
2024-06-11,P1,21
2024-06-12,P1,17
2024-06-13,P1,20
2024-06-14,P1,13
2024-06-15,P1,26
2024-06-16,P1,21
2024-06-17,P1,23
2024-06-18,P1,17
2024-06-19,P1,17
2024-06-20,P1,18
2024-06-21,P1,19
2024-06-22,P1,25
2024-06-23,P1,24
2024-06-24,P1,22
2024-06-25,P1,9
2024-06-26,P1,20
2024-06-27,P1,14
2024-06-28,P1,19
2024-06-29,P1,7
2024-06-30,P1,25
2024-07-01,P1,27
2024-07-02,P1,24
2024-07-03,P1,11
2024-07-04,P1,20
2024-07-05,P1,21
2024-07-06,P1,16
2024-07-07,P1,19
2024-07-08,P1,26
2024-07-09,P1,14
2024-07-10,P1,16
2024-07-11,P1,14
2024-07-12,P1,22
2024-07-13,P1,17
2024-07-14,P1,17
2024-07-15,P1,18
2024-07-16,P1,19
2024-07-17,P1,31
2024-07-18,P1,18
2024-07-19,P1,22
2024-07-20,P1,23
2024-07-21,P1,18
2024-07-22,P1,21
2024-07-23,P1,22
2024-07-24,P1,26
2024-07-25,P1,22
2024-07-26,P1,19
2024-07-27,P1,23
2024-07-28,P1,9
2024-07-29,P1,29
2024-07-30,P1,10
2024-07-31,P1,21
2024-08-01,P1,12
2024-08-02,P1,26
2024-08-03,P1,19
2024-08-04,P1,18
2024-08-05,P1,27
2024-08-06,P1,20
2024-08-07,P1,16
2024-08-08,P1,17
2024-08-09,P1,22
2024-08-10,P1,16
2024-08-11,P1,17
2024-08-12,P1,23
2024-08-13,P1,15
2024-08-14,P1,17
2024-08-15,P1,16
2024-08-16,P1,22
2024-08-17,P1,18
2024-08-18,P1,18
2024-08-19,P1,16
2024-08-20,P1,19
2024-08-21,P1,20
2024-08-22,P1,28
2024-08-23,P1,14
2024-08-24,P1,13
2024-08-25,P1,23
2024-08-26,P1,15
2024-08-27,P1,23
2024-08-28,P1,17
2024-08-29,P1,20
2024-08-30,P1,22
2024-08-31,P1,25
2024-09-01,P1,27
2024-09-02,P1,10
2024-09-03,P1,24
2024-09-04,P1,18
2024-09-05,P1,17
2024-09-06,P1,23
2024-09-07,P1,19
2024-09-08,P1,25
2024-09-09,P1,21
2024-09-10,P1,23
2024-09-11,P1,27
2024-09-12,P1,11
2024-09-13,P1,21
2024-09-14,P1,15
2024-09-15,P1,20
2024-09-16,P1,14
2024-09-17,P1,27
2024-09-18,P1,25
2024-09-19,P1,21
2024-09-20,P1,19
2024-09-21,P1,24
2024-09-22,P1,18
2024-09-23,P1,14
2024-09-24,P1,27
2024-09-25,P1,15
2024-09-26,P1,17
2024-09-27,P1,25
2024-09-28,P1,15
2024-09-29,P1,20
2024-09-30,P1,22
2024-10-01,P1,20
2024-10-02,P1,12
2024-10-03,P1,15
2024-10-04,P1,7
2024-10-05,P1,18
2024-10-06,P1,18
2024-10-07,P1,18
2024-10-08,P1,14
2024-10-09,P1,26
2024-10-10,P1,15
2024-10-11,P1,23
2024-10-12,P1,21
2024-10-13,P1,23
2024-10-14,P1,15
2024-10-15,P1,16
2024-10-16,P1,17
2024-10-17,P1,11
2024-10-18,P1,28
2024-10-19,P1,21
2024-10-20,P1,16
2024-10-21,P1,15
2024-10-22,P1,22
2024-10-23,P1,14
2024-10-24,P1,21
2024-10-25,P1,26
2024-10-26,P1,24
2024-10-27,P1,22
2024-10-28,P1,15
2024-10-29,P1,13
2024-10-30,P1,26
2024-10-31,P1,11
2024-11-01,P1,28
2024-11-02,P1,14
2024-11-03,P1,9
2024-11-04,P1,26
2024-11-05,P1,22
2024-11-06,P1,22
2024-11-07,P1,19
2024-11-08,P1,24
2024-11-09,P1,25
2024-11-10,P1,34
2024-11-11,P1,20
2024-11-12,P1,30
2024-11-13,P1,20
2024-11-14,P1,15
2024-11-15,P1,24
2024-11-16,P1,19
2024-11-17,P1,22
2024-11-18,P1,32
2024-11-19,P1,22
2024-11-20,P1,18
2024-11-21,P1,23
2024-11-22,P1,20
2024-11-23,P1,20
2024-11-24,P1,16
2024-11-25,P1,19
2024-11-26,P1,17
2024-11-27,P1,16
2024-11-28,P1,27
2024-11-29,P1,30
2024-11-30,P1,13
2024-12-01,P1,19
2024-12-02,P1,18
2024-12-03,P1,25
2024-12-04,P1,19
2024-12-05,P1,19
2024-12-06,P1,23
2024-12-07,P1,19
2024-12-08,P1,24
2024-12-09,P1,15
2024-12-10,P1,22
2024-12-11,P1,11
2024-12-12,P1,22
2024-12-13,P1,17
2024-12-14,P1,15
2024-12-15,P1,13
2024-12-16,P1,24
2024-12-17,P1,22
2024-12-18,P1,22
2024-12-19,P1,9
2024-12-20,P1,23
2024-12-21,P1,23
2024-12-22,P1,25
2024-12-23,P1,16
2024-12-24,P1,20
2024-12-25,P1,20
2024-12-26,P1,24
2024-12-27,P1,23
2024-12-28,P1,19
2024-12-29,P1,26
2024-12-30,P1,20
2024-01-01,P2,14
2024-01-02,P2,31
2024-01-03,P2,14
2024-01-04,P2,22
2024-01-05,P2,14
2024-01-06,P2,22
2024-01-07,P2,8
2024-01-08,P2,15
2024-01-09,P2,18
2024-01-10,P2,13
2024-01-11,P2,17
2024-01-12,P2,22
2024-01-13,P2,15
2024-01-14,P2,12
2024-01-15,P2,17
2024-01-16,P2,28
2024-01-17,P2,18
2024-01-18,P2,22
2024-01-19,P2,15
2024-01-20,P2,11
2024-01-21,P2,19
2024-01-22,P2,17
2024-01-23,P2,26
2024-01-24,P2,32
2024-01-25,P2,27
2024-01-26,P2,7
2024-01-27,P2,24
2024-01-28,P2,17
2024-01-29,P2,14
2024-01-30,P2,12
2024-01-31,P2,19
2024-02-01,P2,19
2024-02-02,P2,24
2024-02-03,P2,22
2024-02-04,P2,16
2024-02-05,P2,13
2024-02-06,P2,30
2024-02-07,P2,18
2024-02-08,P2,16
2024-02-09,P2,19
2024-02-10,P2,22
2024-02-11,P2,24
2024-02-12,P2,27
2024-02-13,P2,34
2024-02-14,P2,20
2024-02-15,P2,19
2024-02-16,P2,22
2024-02-17,P2,21
2024-02-18,P2,19
2024-02-19,P2,12
2024-02-20,P2,24
2024-02-21,P2,17
2024-02-22,P2,20
2024-02-23,P2,11
2024-02-24,P2,27
2024-02-25,P2,21
2024-02-26,P2,24
2024-02-27,P2,15
2024-02-28,P2,19
2024-02-29,P2,14
2024-03-01,P2,17
2024-03-02,P2,25
2024-03-03,P2,14
2024-03-04,P2,22
2024-03-05,P2,26
2024-03-06,P2,14
2024-03-07,P2,13
2024-03-08,P2,17
2024-03-09,P2,20
2024-03-10,P2,20
2024-03-11,P2,23
2024-03-12,P2,15
2024-03-13,P2,15
2024-03-14,P2,22
2024-03-15,P2,17
2024-03-16,P2,19
2024-03-17,P2,10
2024-03-18,P2,15
2024-03-19,P2,19
2024-03-20,P2,18
2024-03-21,P2,25
2024-03-22,P2,24
2024-03-23,P2,27
2024-03-24,P2,23
2024-03-25,P2,26
2024-03-26,P2,21
2024-03-27,P2,19
2024-03-28,P2,16
2024-03-29,P2,5
2024-03-30,P2,17
2024-03-31,P2,20
2024-04-01,P2,19
2024-04-02,P2,15
2024-04-03,P2,15
2024-04-04,P2,14
2024-04-05,P2,17
2024-04-06,P2,28
2024-04-07,P2,20
2024-04-08,P2,14
2024-04-09,P2,23
2024-04-10,P2,20
2024-04-11,P2,19
2024-04-12,P2,26
2024-04-13,P2,21
2024-04-14,P2,20
2024-04-15,P2,14
2024-04-16,P2,23
2024-04-17,P2,29
2024-04-18,P2,19
2024-04-19,P2,21
2024-04-20,P2,24
2024-04-21,P2,20
2024-04-22,P2,25
2024-04-23,P2,13
2024-04-24,P2,22
2024-04-25,P2,21
2024-04-26,P2,25
2024-04-27,P2,13
2024-04-28,P2,23
2024-04-29,P2,19
2024-04-30,P2,15
2024-05-01,P2,24
2024-05-02,P2,24
2024-05-03,P2,22
2024-05-04,P2,21
2024-05-05,P2,18
2024-05-06,P2,11
2024-05-07,P2,20
2024-05-08,P2,13
2024-05-09,P2,23
2024-05-10,P2,14
2024-05-11,P2,26
2024-05-12,P2,21
2024-05-13,P2,28
2024-05-14,P2,14
2024-05-15,P2,15
2024-05-16,P2,13
2024-05-17,P2,15
2024-05-18,P2,20
2024-05-19,P2,17
2024-05-20,P2,17
2024-05-21,P2,20
2024-05-22,P2,15
2024-05-23,P2,18
2024-05-24,P2,18
2024-05-25,P2,17
2024-05-26,P2,23
2024-05-27,P2,16
2024-05-28,P2,22
2024-05-29,P2,22
2024-05-30,P2,14
2024-05-31,P2,27
2024-06-01,P2,19
2024-06-02,P2,21
2024-06-03,P2,18
2024-06-04,P2,16
2024-06-05,P2,27
2024-06-06,P2,14
2024-06-07,P2,22
2024-06-08,P2,19
2024-06-09,P2,24
2024-06-10,P2,20
2024-06-11,P2,12
2024-06-12,P2,17
2024-06-13,P2,23
2024-06-14,P2,17
2024-06-15,P2,20
2024-06-16,P2,24
2024-06-17,P2,20
2024-06-18,P2,22
2024-06-19,P2,25
2024-06-20,P2,14
2024-06-21,P2,27
2024-06-22,P2,18
2024-06-23,P2,17
2024-06-24,P2,26
2024-06-25,P2,17
2024-06-26,P2,21
2024-06-27,P2,13
2024-06-28,P2,17
2024-06-29,P2,22
2024-06-30,P2,16
2024-07-01,P2,20
2024-07-02,P2,16
2024-07-03,P2,28
2024-07-04,P2,15
2024-07-05,P2,14
2024-07-06,P2,20
2024-07-07,P2,30
2024-07-08,P2,23
2024-07-09,P2,27
2024-07-10,P2,25
2024-07-11,P2,28
2024-07-12,P2,23
2024-07-13,P2,29
2024-07-14,P2,24
2024-07-15,P2,16
2024-07-16,P2,19
2024-07-17,P2,12
2024-07-18,P2,21
2024-07-19,P2,12
2024-07-20,P2,24
2024-07-21,P2,25
2024-07-22,P2,20
2024-07-23,P2,17
2024-07-24,P2,16
2024-07-25,P2,26
2024-07-26,P2,17
2024-07-27,P2,26
2024-07-28,P2,22
2024-07-29,P2,29
2024-07-30,P2,20
2024-07-31,P2,19
2024-08-01,P2,22
2024-08-02,P2,23
2024-08-03,P2,23
2024-08-04,P2,13
2024-08-05,P2,17
2024-08-06,P2,19
2024-08-07,P2,25
2024-08-08,P2,20
2024-08-09,P2,17
2024-08-10,P2,23
2024-08-11,P2,17
2024-08-12,P2,25
2024-08-13,P2,23
2024-08-14,P2,18
2024-08-15,P2,13
2024-08-16,P2,20
2024-08-17,P2,19
2024-08-18,P2,25
2024-08-19,P2,14
2024-08-20,P2,23
2024-08-21,P2,22
2024-08-22,P2,15
2024-08-23,P2,24
2024-08-24,P2,16
2024-08-25,P2,19
2024-08-26,P2,14
2024-08-27,P2,21
2024-08-28,P2,14
2024-08-29,P2,32
2024-08-30,P2,25
2024-08-31,P2,16
2024-09-01,P2,16
2024-09-02,P2,19
2024-09-03,P2,20
2024-09-04,P2,12
2024-09-05,P2,7
2024-09-06,P2,20
2024-09-07,P2,18
2024-09-08,P2,20
2024-09-09,P2,21
2024-09-10,P2,15
2024-09-11,P2,15
2024-09-12,P2,29
2024-09-13,P2,11
2024-09-14,P2,21
2024-09-15,P2,13
2024-09-16,P2,24
2024-09-17,P2,18
2024-09-18,P2,23
2024-09-19,P2,15
2024-09-20,P2,27
2024-09-21,P2,23
2024-09-22,P2,28
2024-09-23,P2,17
2024-09-24,P2,24
2024-09-25,P2,20
2024-09-26,P2,23
2024-09-27,P2,16
2024-09-28,P2,21
2024-09-29,P2,27
2024-09-30,P2,16
2024-10-01,P2,15
2024-10-02,P2,22
2024-10-03,P2,19
2024-10-04,P2,31
2024-10-05,P2,21
2024-10-06,P2,22
2024-10-07,P2,31
2024-10-08,P2,25
2024-10-09,P2,15
2024-10-10,P2,23
2024-10-11,P2,23
2024-10-12,P2,15
2024-10-13,P2,16
2024-10-14,P2,25
2024-10-15,P2,16
2024-10-16,P2,24
2024-10-17,P2,23
2024-10-18,P2,23
2024-10-19,P2,26
2024-10-20,P2,23
2024-10-21,P2,19
2024-10-22,P2,17
2024-10-23,P2,20
2024-10-24,P2,15
2024-10-25,P2,21
2024-10-26,P2,18
2024-10-27,P2,19
2024-10-28,P2,18
2024-10-29,P2,30
2024-10-30,P2,27
2024-10-31,P2,24
2024-11-01,P2,23
2024-11-02,P2,25
2024-11-03,P2,15
2024-11-04,P2,26
2024-11-05,P2,17
2024-11-06,P2,16
2024-11-07,P2,17
2024-11-08,P2,20
2024-11-09,P2,24
2024-11-10,P2,19
2024-11-11,P2,16
2024-11-12,P2,8
2024-11-13,P2,18
2024-11-14,P2,19
2024-11-15,P2,28
2024-11-16,P2,21
2024-11-17,P2,16
2024-11-18,P2,12
2024-11-19,P2,11
2024-11-20,P2,25
2024-11-21,P2,15
2024-11-22,P2,15
2024-11-23,P2,23
2024-11-24,P2,20
2024-11-25,P2,22
2024-11-26,P2,16
2024-11-27,P2,21
2024-11-28,P2,22
2024-11-29,P2,22
2024-11-30,P2,13
2024-12-01,P2,24
2024-12-02,P2,15
2024-12-03,P2,20
2024-12-04,P2,24
2024-12-05,P2,20
2024-12-06,P2,13
2024-12-07,P2,22
2024-12-08,P2,17
2024-12-09,P2,28
2024-12-10,P2,25
2024-12-11,P2,13
2024-12-12,P2,12
2024-12-13,P2,24
2024-12-14,P2,13
2024-12-15,P2,23
2024-12-16,P2,23
2024-12-17,P2,16
2024-12-18,P2,9
2024-12-19,P2,19
2024-12-20,P2,3
2024-12-21,P2,20
2024-12-22,P2,20
2024-12-23,P2,24
2024-12-24,P2,22
2024-12-25,P2,30
2024-12-26,P2,22
2024-12-27,P2,18
2024-12-28,P2,24
2024-12-29,P2,16
2024-12-30,P2,22
2024-01-01,P3,24
2024-01-02,P3,19
2024-01-03,P3,23
2024-01-04,P3,25
2024-01-05,P3,24
2024-01-06,P3,24
2024-01-07,P3,16
2024-01-08,P3,19
2024-01-09,P3,21
2024-01-10,P3,24
2024-01-11,P3,23
2024-01-12,P3,18
2024-01-13,P3,14
2024-01-14,P3,17
2024-01-15,P3,23
2024-01-16,P3,19
2024-01-17,P3,16
2024-01-18,P3,17
2024-01-19,P3,13
2024-01-20,P3,24
2024-01-21,P3,20
2024-01-22,P3,22
2024-01-23,P3,17
2024-01-24,P3,25
2024-01-25,P3,19
2024-01-26,P3,13
2024-01-27,P3,22
2024-01-28,P3,21
2024-01-29,P3,22
2024-01-30,P3,20
2024-01-31,P3,22
2024-02-01,P3,21
2024-02-02,P3,24
2024-02-03,P3,19
2024-02-04,P3,26
2024-02-05,P3,21
2024-02-06,P3,19
2024-02-07,P3,19
2024-02-08,P3,19
2024-02-09,P3,16
2024-02-10,P3,20
2024-02-11,P3,27
2024-02-12,P3,7
2024-02-13,P3,21
2024-02-14,P3,19
2024-02-15,P3,14
2024-02-16,P3,8
2024-02-17,P3,20
2024-02-18,P3,24
2024-02-19,P3,24
2024-02-20,P3,20
2024-02-21,P3,16
2024-02-22,P3,21
2024-02-23,P3,22
2024-02-24,P3,27
2024-02-25,P3,18
2024-02-26,P3,34
2024-02-27,P3,24
2024-02-28,P3,21
2024-02-29,P3,11
2024-03-01,P3,18
2024-03-02,P3,19
2024-03-03,P3,19
2024-03-04,P3,31
2024-03-05,P3,19
2024-03-06,P3,32
2024-03-07,P3,15
2024-03-08,P3,16
2024-03-09,P3,20
2024-03-10,P3,19
2024-03-11,P3,31
2024-03-12,P3,25
2024-03-13,P3,14
2024-03-14,P3,23
2024-03-15,P3,26
2024-03-16,P3,26
2024-03-17,P3,21
2024-03-18,P3,25
2024-03-19,P3,10
2024-03-20,P3,16
2024-03-21,P3,20
2024-03-22,P3,11
2024-03-23,P3,15
2024-03-24,P3,23
2024-03-25,P3,24
2024-03-26,P3,24
2024-03-27,P3,17
2024-03-28,P3,19
2024-03-29,P3,18
2024-03-30,P3,19
2024-03-31,P3,16
2024-04-01,P3,22
2024-04-02,P3,32
2024-04-03,P3,27
2024-04-04,P3,22
2024-04-05,P3,16
2024-04-06,P3,22
2024-04-07,P3,20
2024-04-08,P3,15
2024-04-09,P3,21
2024-04-10,P3,21
2024-04-11,P3,31
2024-04-12,P3,21
2024-04-13,P3,16
2024-04-14,P3,24
2024-04-15,P3,33
2024-04-16,P3,20
2024-04-17,P3,17
2024-04-18,P3,19
2024-04-19,P3,18
2024-04-20,P3,21
2024-04-21,P3,24
2024-04-22,P3,16
2024-04-23,P3,15
2024-04-24,P3,21
2024-04-25,P3,19
2024-04-26,P3,18
2024-04-27,P3,18
2024-04-28,P3,11
2024-04-29,P3,22
2024-04-30,P3,25
2024-05-01,P3,21
2024-05-02,P3,13
2024-05-03,P3,21
2024-05-04,P3,26
2024-05-05,P3,23
2024-05-06,P3,26
2024-05-07,P3,24
2024-05-08,P3,23
2024-05-09,P3,17
2024-05-10,P3,19
2024-05-11,P3,18
2024-05-12,P3,14
2024-05-13,P3,16
2024-05-14,P3,22
2024-05-15,P3,28
2024-05-16,P3,16
2024-05-17,P3,12
2024-05-18,P3,20
2024-05-19,P3,23
2024-05-20,P3,18
2024-05-21,P3,16
2024-05-22,P3,26
2024-05-23,P3,22
2024-05-24,P3,24
2024-05-25,P3,27
2024-05-26,P3,19
2024-05-27,P3,21
2024-05-28,P3,22
2024-05-29,P3,16
2024-05-30,P3,15
2024-05-31,P3,29
2024-06-01,P3,20
2024-06-02,P3,16
2024-06-03,P3,19
2024-06-04,P3,14
2024-06-05,P3,14
2024-06-06,P3,18
2024-06-07,P3,14
2024-06-08,P3,23
2024-06-09,P3,15
2024-06-10,P3,23
2024-06-11,P3,21
2024-06-12,P3,24
2024-06-13,P3,23
2024-06-14,P3,11
2024-06-15,P3,15
2024-06-16,P3,19
2024-06-17,P3,19
2024-06-18,P3,25
2024-06-19,P3,28
2024-06-20,P3,17
2024-06-21,P3,22
2024-06-22,P3,20
2024-06-23,P3,14
2024-06-24,P3,18
2024-06-25,P3,16
2024-06-26,P3,19
2024-06-27,P3,16
2024-06-28,P3,21
2024-06-29,P3,25
2024-06-30,P3,16
2024-07-01,P3,13
2024-07-02,P3,14
2024-07-03,P3,13
2024-07-04,P3,16
2024-07-05,P3,23
2024-07-06,P3,17
2024-07-07,P3,18
2024-07-08,P3,28
2024-07-09,P3,18
2024-07-10,P3,22
2024-07-11,P3,18
2024-07-12,P3,22
2024-07-13,P3,20
2024-07-14,P3,16
2024-07-15,P3,7
2024-07-16,P3,23
2024-07-17,P3,28
2024-07-18,P3,15
2024-07-19,P3,21
2024-07-20,P3,21
2024-07-21,P3,15
2024-07-22,P3,22
2024-07-23,P3,18
2024-07-24,P3,22
2024-07-25,P3,20
2024-07-26,P3,23
2024-07-27,P3,16
2024-07-28,P3,26
2024-07-29,P3,23
2024-07-30,P3,18
2024-07-31,P3,25
2024-08-01,P3,25
2024-08-02,P3,16
2024-08-03,P3,18
2024-08-04,P3,17
2024-08-05,P3,19
2024-08-06,P3,19
2024-08-07,P3,25
2024-08-08,P3,14
2024-08-09,P3,20
2024-08-10,P3,22
2024-08-11,P3,18
2024-08-12,P3,10
2024-08-13,P3,17
2024-08-14,P3,14
2024-08-15,P3,15
2024-08-16,P3,16
2024-08-17,P3,18
2024-08-18,P3,23
2024-08-19,P3,20
2024-08-20,P3,21
2024-08-21,P3,16
2024-08-22,P3,22
2024-08-23,P3,17
2024-08-24,P3,16
2024-08-25,P3,20
2024-08-26,P3,11
2024-08-27,P3,18
2024-08-28,P3,24
2024-08-29,P3,20
2024-08-30,P3,23
2024-08-31,P3,15
2024-09-01,P3,25
2024-09-02,P3,22
2024-09-03,P3,24
2024-09-04,P3,17
2024-09-05,P3,16
2024-09-06,P3,19
2024-09-07,P3,23
2024-09-08,P3,21
2024-09-09,P3,27
2024-09-10,P3,13
2024-09-11,P3,20
2024-09-12,P3,18
2024-09-13,P3,21
2024-09-14,P3,20
2024-09-15,P3,18
2024-09-16,P3,19
2024-09-17,P3,20
2024-09-18,P3,24
2024-09-19,P3,15
2024-09-20,P3,18
2024-09-21,P3,23
2024-09-22,P3,18
2024-09-23,P3,27
2024-09-24,P3,22
2024-09-25,P3,18
2024-09-26,P3,23
2024-09-27,P3,16
2024-09-28,P3,31
2024-09-29,P3,15
2024-09-30,P3,20
2024-10-01,P3,16
2024-10-02,P3,18
2024-10-03,P3,18
2024-10-04,P3,27
2024-10-05,P3,15
2024-10-06,P3,23
2024-10-07,P3,16
2024-10-08,P3,21
2024-10-09,P3,22
2024-10-10,P3,20
2024-10-11,P3,27
2024-10-12,P3,20
2024-10-13,P3,22
2024-10-14,P3,20
2024-10-15,P3,20
2024-10-16,P3,19
2024-10-17,P3,9
2024-10-18,P3,17
2024-10-19,P3,15
2024-10-20,P3,14
2024-10-21,P3,22
2024-10-22,P3,28
2024-10-23,P3,22
2024-10-24,P3,23
2024-10-25,P3,18
2024-10-26,P3,14
2024-10-27,P3,33
2024-10-28,P3,19
2024-10-29,P3,17
2024-10-30,P3,11
2024-10-31,P3,13
2024-11-01,P3,27
2024-11-02,P3,25
2024-11-03,P3,6
2024-11-04,P3,24
2024-11-05,P3,11
2024-11-06,P3,10
2024-11-07,P3,12
2024-11-08,P3,20
2024-11-09,P3,23
2024-11-10,P3,13
2024-11-11,P3,15
2024-11-12,P3,19
2024-11-13,P3,23
2024-11-14,P3,14
2024-11-15,P3,15
2024-11-16,P3,26
2024-11-17,P3,20
2024-11-18,P3,15
2024-11-19,P3,22
2024-11-20,P3,19
2024-11-21,P3,21
2024-11-22,P3,20
2024-11-23,P3,21
2024-11-24,P3,18
2024-11-25,P3,16
2024-11-26,P3,25
2024-11-27,P3,22
2024-11-28,P3,21
2024-11-29,P3,26
2024-11-30,P3,26
2024-12-01,P3,25
2024-12-02,P3,21
2024-12-03,P3,20
2024-12-04,P3,18
2024-12-05,P3,17
2024-12-06,P3,12
2024-12-07,P3,5
2024-12-08,P3,22
2024-12-09,P3,18
2024-12-10,P3,26
2024-12-11,P3,14
2024-12-12,P3,17
2024-12-13,P3,23
2024-12-14,P3,22
2024-12-15,P3,25
2024-12-16,P3,14
2024-12-17,P3,16
2024-12-18,P3,24
2024-12-19,P3,10
2024-12-20,P3,33
2024-12-21,P3,21
2024-12-22,P3,18
2024-12-23,P3,22
2024-12-24,P3,21
2024-12-25,P3,18
2024-12-26,P3,5
2024-12-27,P3,25
2024-12-28,P3,20
2024-12-29,P3,29
2024-12-30,P3,13
2024-01-01,P4,19
2024-01-02,P4,3
2024-01-03,P4,15
2024-01-04,P4,23
2024-01-05,P4,13
2024-01-06,P4,24
2024-01-07,P4,15
2024-01-08,P4,13
2024-01-09,P4,14
2024-01-10,P4,26
2024-01-11,P4,22
2024-01-12,P4,14
2024-01-13,P4,19
2024-01-14,P4,21
2024-01-15,P4,3
2024-01-16,P4,23
2024-01-17,P4,21
2024-01-18,P4,20
2024-01-19,P4,17
2024-01-20,P4,23
2024-01-21,P4,7
2024-01-22,P4,15
2024-01-23,P4,22
2024-01-24,P4,24
2024-01-25,P4,23
2024-01-26,P4,18
2024-01-27,P4,24
2024-01-28,P4,18
2024-01-29,P4,11
2024-01-30,P4,18
2024-01-31,P4,19
2024-02-01,P4,21
2024-02-02,P4,14
2024-02-03,P4,19
2024-02-04,P4,23
2024-02-05,P4,21
2024-02-06,P4,32
2024-02-07,P4,24
2024-02-08,P4,19
2024-02-09,P4,22
2024-02-10,P4,17
2024-02-11,P4,17
2024-02-12,P4,26
2024-02-13,P4,20
2024-02-14,P4,16
2024-02-15,P4,14
2024-02-16,P4,19
2024-02-17,P4,17
2024-02-18,P4,29
2024-02-19,P4,17
2024-02-20,P4,23
2024-02-21,P4,25
2024-02-22,P4,24
2024-02-23,P4,28
2024-02-24,P4,21
2024-02-25,P4,18
2024-02-26,P4,21
2024-02-27,P4,17
2024-02-28,P4,18
2024-02-29,P4,25
2024-03-01,P4,17
2024-03-02,P4,15
2024-03-03,P4,23
2024-03-04,P4,27
2024-03-05,P4,28
2024-03-06,P4,20
2024-03-07,P4,24
2024-03-08,P4,23
2024-03-09,P4,18
2024-03-10,P4,24
2024-03-11,P4,31
2024-03-12,P4,16
2024-03-13,P4,24
2024-03-14,P4,19
2024-03-15,P4,24
2024-03-16,P4,20
2024-03-17,P4,25
2024-03-18,P4,26
2024-03-19,P4,12
2024-03-20,P4,16
2024-03-21,P4,23
2024-03-22,P4,24
2024-03-23,P4,22
2024-03-24,P4,22
2024-03-25,P4,23
2024-03-26,P4,19
2024-03-27,P4,16
2024-03-28,P4,20
2024-03-29,P4,26
2024-03-30,P4,18
2024-03-31,P4,21
2024-04-01,P4,14
2024-04-02,P4,30
2024-04-03,P4,14
2024-04-04,P4,17
2024-04-05,P4,18
2024-04-06,P4,16
2024-04-07,P4,12
2024-04-08,P4,16
2024-04-09,P4,27
2024-04-10,P4,25
2024-04-11,P4,17
2024-04-12,P4,21
2024-04-13,P4,24
2024-04-14,P4,20
2024-04-15,P4,14
2024-04-16,P4,32
2024-04-17,P4,22
2024-04-18,P4,24
2024-04-19,P4,20
2024-04-20,P4,22
2024-04-21,P4,19
2024-04-22,P4,7
2024-04-23,P4,15
2024-04-24,P4,28
2024-04-25,P4,23
2024-04-26,P4,14
2024-04-27,P4,11
2024-04-28,P4,16
2024-04-29,P4,13
2024-04-30,P4,15
2024-05-01,P4,16
2024-05-02,P4,22
2024-05-03,P4,18
2024-05-04,P4,27
2024-05-05,P4,19
2024-05-06,P4,27
2024-05-07,P4,12
2024-05-08,P4,5
2024-05-09,P4,11
2024-05-10,P4,24
2024-05-11,P4,18
2024-05-12,P4,20
2024-05-13,P4,16
2024-05-14,P4,26
2024-05-15,P4,18
2024-05-16,P4,22
2024-05-17,P4,15
2024-05-18,P4,30
2024-05-19,P4,17
2024-05-20,P4,19
2024-05-21,P4,16
2024-05-22,P4,16
2024-05-23,P4,26
2024-05-24,P4,20
2024-05-25,P4,16
2024-05-26,P4,19
2024-05-27,P4,18
2024-05-28,P4,25
2024-05-29,P4,21
2024-05-30,P4,25
2024-05-31,P4,12
2024-06-01,P4,15
2024-06-02,P4,25
2024-06-03,P4,17
2024-06-04,P4,22
2024-06-05,P4,21
2024-06-06,P4,17
2024-06-07,P4,15
2024-06-08,P4,23
2024-06-09,P4,21
2024-06-10,P4,20
2024-06-11,P4,15
2024-06-12,P4,20
2024-06-13,P4,24
2024-06-14,P4,24
2024-06-15,P4,21
2024-06-16,P4,21
2024-06-17,P4,21
2024-06-18,P4,24
2024-06-19,P4,26
2024-06-20,P4,20
2024-06-21,P4,25
2024-06-22,P4,15
2024-06-23,P4,29
2024-06-24,P4,27
2024-06-25,P4,18
2024-06-26,P4,19
2024-06-27,P4,16
2024-06-28,P4,12
2024-06-29,P4,18
2024-06-30,P4,15
2024-07-01,P4,28
2024-07-02,P4,20
2024-07-03,P4,19
2024-07-04,P4,30
2024-07-05,P4,23
2024-07-06,P4,17
2024-07-07,P4,14
2024-07-08,P4,17
2024-07-09,P4,21
2024-07-10,P4,22
2024-07-11,P4,24
2024-07-12,P4,22
2024-07-13,P4,21
2024-07-14,P4,20
2024-07-15,P4,18
2024-07-16,P4,14
2024-07-17,P4,15
2024-07-18,P4,20
2024-07-19,P4,13
2024-07-20,P4,23
2024-07-21,P4,19
2024-07-22,P4,24
2024-07-23,P4,20
2024-07-24,P4,20
2024-07-25,P4,21
2024-07-26,P4,18
2024-07-27,P4,10
2024-07-28,P4,24
2024-07-29,P4,23
2024-07-30,P4,18
2024-07-31,P4,16
2024-08-01,P4,18
2024-08-02,P4,22
2024-08-03,P4,22
2024-08-04,P4,18
2024-08-05,P4,20
2024-08-06,P4,27
2024-08-07,P4,20
2024-08-08,P4,22
2024-08-09,P4,27
2024-08-10,P4,14
2024-08-11,P4,25
2024-08-12,P4,26
2024-08-13,P4,20
2024-08-14,P4,11
2024-08-15,P4,22
2024-08-16,P4,20
2024-08-17,P4,16
2024-08-18,P4,21
2024-08-19,P4,14
2024-08-20,P4,15
2024-08-21,P4,15
2024-08-22,P4,21
2024-08-23,P4,18
2024-08-24,P4,12
2024-08-25,P4,17
2024-08-26,P4,21
2024-08-27,P4,15
2024-08-28,P4,21
2024-08-29,P4,14
2024-08-30,P4,21
2024-08-31,P4,20
2024-09-01,P4,18
2024-09-02,P4,20
2024-09-03,P4,17
2024-09-04,P4,16
2024-09-05,P4,18
2024-09-06,P4,23
2024-09-07,P4,17
2024-09-08,P4,22
2024-09-09,P4,22
2024-09-10,P4,30
2024-09-11,P4,16
2024-09-12,P4,19
2024-09-13,P4,22
2024-09-14,P4,14
2024-09-15,P4,18
2024-09-16,P4,20
2024-09-17,P4,24
2024-09-18,P4,21
2024-09-19,P4,22
2024-09-20,P4,26
2024-09-21,P4,19
2024-09-22,P4,17
2024-09-23,P4,19
2024-09-24,P4,24
2024-09-25,P4,16
2024-09-26,P4,23
2024-09-27,P4,16
2024-09-28,P4,23
2024-09-29,P4,15
2024-09-30,P4,23
2024-10-01,P4,26
2024-10-02,P4,20
2024-10-03,P4,21
2024-10-04,P4,25
2024-10-05,P4,10
2024-10-06,P4,15
2024-10-07,P4,19
2024-10-08,P4,25
2024-10-09,P4,25
2024-10-10,P4,30
2024-10-11,P4,24
2024-10-12,P4,27
2024-10-13,P4,17
2024-10-14,P4,23
2024-10-15,P4,14
2024-10-16,P4,27
2024-10-17,P4,23
2024-10-18,P4,22
2024-10-19,P4,22
2024-10-20,P4,14
2024-10-21,P4,21
2024-10-22,P4,16
2024-10-23,P4,20
2024-10-24,P4,23
2024-10-25,P4,20
2024-10-26,P4,18
2024-10-27,P4,19
2024-10-28,P4,25
2024-10-29,P4,14
2024-10-30,P4,23
2024-10-31,P4,23
2024-11-01,P4,12
2024-11-02,P4,23
2024-11-03,P4,17
2024-11-04,P4,21
2024-11-05,P4,17
2024-11-06,P4,22
2024-11-07,P4,23
2024-11-08,P4,23
2024-11-09,P4,16
2024-11-10,P4,26
2024-11-11,P4,13
2024-11-12,P4,19
2024-11-13,P4,14
2024-11-14,P4,26
2024-11-15,P4,18
2024-11-16,P4,21
2024-11-17,P4,11
2024-11-18,P4,29
2024-11-19,P4,17
2024-11-20,P4,21
2024-11-21,P4,5
2024-11-22,P4,23
2024-11-23,P4,16
2024-11-24,P4,17
2024-11-25,P4,18
2024-11-26,P4,16
2024-11-27,P4,20
2024-11-28,P4,22
2024-11-29,P4,21
2024-11-30,P4,11
2024-12-01,P4,19
2024-12-02,P4,19
2024-12-03,P4,18
2024-12-04,P4,16
2024-12-05,P4,15
2024-12-06,P4,27
2024-12-07,P4,19
2024-12-08,P4,17
2024-12-09,P4,18
2024-12-10,P4,15
2024-12-11,P4,17
2024-12-12,P4,26
2024-12-13,P4,16
2024-12-14,P4,23
2024-12-15,P4,17
2024-12-16,P4,24
2024-12-17,P4,13
2024-12-18,P4,23
2024-12-19,P4,18
2024-12-20,P4,18
2024-12-21,P4,25
2024-12-22,P4,16
2024-12-23,P4,18
2024-12-24,P4,25
2024-12-25,P4,24
2024-12-26,P4,20
2024-12-27,P4,25
2024-12-28,P4,26
2024-12-29,P4,17
2024-12-30,P4,16
2024-01-01,P5,26
2024-01-02,P5,31
2024-01-03,P5,19
2024-01-04,P5,28
2024-01-05,P5,17
2024-01-06,P5,17
2024-01-07,P5,25
2024-01-08,P5,11
2024-01-09,P5,15
2024-01-10,P5,25
2024-01-11,P5,19
2024-01-12,P5,15
2024-01-13,P5,20
2024-01-14,P5,18
2024-01-15,P5,25
2024-01-16,P5,34
2024-01-17,P5,22
2024-01-18,P5,18
2024-01-19,P5,18
2024-01-20,P5,14
2024-01-21,P5,27
2024-01-22,P5,14
2024-01-23,P5,19
2024-01-24,P5,27
2024-01-25,P5,23
2024-01-26,P5,23
2024-01-27,P5,19
2024-01-28,P5,23
2024-01-29,P5,20
2024-01-30,P5,24
2024-01-31,P5,26
2024-02-01,P5,25
2024-02-02,P5,20
2024-02-03,P5,28
2024-02-04,P5,12
2024-02-05,P5,29
2024-02-06,P5,12
2024-02-07,P5,17
2024-02-08,P5,23
2024-02-09,P5,21
2024-02-10,P5,10
2024-02-11,P5,21
2024-02-12,P5,15
2024-02-13,P5,20
2024-02-14,P5,20
2024-02-15,P5,19
2024-02-16,P5,25
2024-02-17,P5,20
2024-02-18,P5,12
2024-02-19,P5,16
2024-02-20,P5,19
2024-02-21,P5,22
2024-02-22,P5,10
2024-02-23,P5,30
2024-02-24,P5,14
2024-02-25,P5,19
2024-02-26,P5,23
2024-02-27,P5,15
2024-02-28,P5,20
2024-02-29,P5,13
2024-03-01,P5,20
2024-03-02,P5,21
2024-03-03,P5,25
2024-03-04,P5,17
2024-03-05,P5,20
2024-03-06,P5,16
2024-03-07,P5,17
2024-03-08,P5,33
2024-03-09,P5,8
2024-03-10,P5,12
2024-03-11,P5,16
2024-03-12,P5,12
2024-03-13,P5,18
2024-03-14,P5,13
2024-03-15,P5,20
2024-03-16,P5,17
2024-03-17,P5,24
2024-03-18,P5,17
2024-03-19,P5,27
2024-03-20,P5,17
2024-03-21,P5,22
2024-03-22,P5,20
2024-03-23,P5,18
2024-03-24,P5,14
2024-03-25,P5,23
2024-03-26,P5,11
2024-03-27,P5,21
2024-03-28,P5,24
2024-03-29,P5,19
2024-03-30,P5,20
2024-03-31,P5,18
2024-04-01,P5,19
2024-04-02,P5,25
2024-04-03,P5,16
2024-04-04,P5,22
2024-04-05,P5,6
2024-04-06,P5,20
2024-04-07,P5,13
2024-04-08,P5,13
2024-04-09,P5,16
2024-04-10,P5,20
2024-04-11,P5,23
2024-04-12,P5,16
2024-04-13,P5,15
2024-04-14,P5,12
2024-04-15,P5,14
2024-04-16,P5,24
2024-04-17,P5,24
2024-04-18,P5,22
2024-04-19,P5,13
2024-04-20,P5,17
2024-04-21,P5,25
2024-04-22,P5,22
2024-04-23,P5,14
2024-04-24,P5,12
2024-04-25,P5,13
2024-04-26,P5,24
2024-04-27,P5,19
2024-04-28,P5,20
2024-04-29,P5,18
2024-04-30,P5,22
2024-05-01,P5,27
2024-05-02,P5,29
2024-05-03,P5,11
2024-05-04,P5,11
2024-05-05,P5,26
2024-05-06,P5,20
2024-05-07,P5,19
2024-05-08,P5,20
2024-05-09,P5,19
2024-05-10,P5,28
2024-05-11,P5,25
2024-05-12,P5,10
2024-05-13,P5,10
2024-05-14,P5,20
2024-05-15,P5,26
2024-05-16,P5,21
2024-05-17,P5,13
2024-05-18,P5,17
2024-05-19,P5,24
2024-05-20,P5,7
2024-05-21,P5,19
2024-05-22,P5,21
2024-05-23,P5,13
2024-05-24,P5,23
2024-05-25,P5,18
2024-05-26,P5,14
2024-05-27,P5,13
2024-05-28,P5,22
2024-05-29,P5,17
2024-05-30,P5,23
2024-05-31,P5,15
2024-06-01,P5,17
2024-06-02,P5,13
2024-06-03,P5,18
2024-06-04,P5,22
2024-06-05,P5,25
2024-06-06,P5,17
2024-06-07,P5,6
2024-06-08,P5,18
2024-06-09,P5,19
2024-06-10,P5,20
2024-06-11,P5,23
2024-06-12,P5,14
2024-06-13,P5,28
2024-06-14,P5,15
2024-06-15,P5,12
2024-06-16,P5,13
2024-06-17,P5,19
2024-06-18,P5,18
2024-06-19,P5,21
2024-06-20,P5,13
2024-06-21,P5,21
2024-06-22,P5,25
2024-06-23,P5,12
2024-06-24,P5,19
2024-06-25,P5,21
2024-06-26,P5,27
2024-06-27,P5,26
2024-06-28,P5,25
2024-06-29,P5,24
2024-06-30,P5,22
2024-07-01,P5,11
2024-07-02,P5,21
2024-07-03,P5,24
2024-07-04,P5,20
2024-07-05,P5,19
2024-07-06,P5,20
2024-07-07,P5,15
2024-07-08,P5,18
2024-07-09,P5,21
2024-07-10,P5,24
2024-07-11,P5,16
2024-07-12,P5,17
2024-07-13,P5,23
2024-07-14,P5,25
2024-07-15,P5,22
2024-07-16,P5,21
2024-07-17,P5,21
2024-07-18,P5,21
2024-07-19,P5,30
2024-07-20,P5,22
2024-07-21,P5,11
2024-07-22,P5,18
2024-07-23,P5,18
2024-07-24,P5,19
2024-07-25,P5,18
2024-07-26,P5,13
2024-07-27,P5,15
2024-07-28,P5,26
2024-07-29,P5,17
2024-07-30,P5,11
2024-07-31,P5,14
2024-08-01,P5,33
2024-08-02,P5,20
2024-08-03,P5,19
2024-08-04,P5,15
2024-08-05,P5,19
2024-08-06,P5,16
2024-08-07,P5,22
2024-08-08,P5,25
2024-08-09,P5,23
2024-08-10,P5,24
2024-08-11,P5,19
2024-08-12,P5,18
2024-08-13,P5,12
2024-08-14,P5,25
2024-08-15,P5,15
2024-08-16,P5,14
2024-08-17,P5,16
2024-08-18,P5,27
2024-08-19,P5,18
2024-08-20,P5,23
2024-08-21,P5,19
2024-08-22,P5,27
2024-08-23,P5,16
2024-08-24,P5,22
2024-08-25,P5,15
2024-08-26,P5,14
2024-08-27,P5,24
2024-08-28,P5,20
2024-08-29,P5,15
2024-08-30,P5,23
2024-08-31,P5,18
2024-09-01,P5,12
2024-09-02,P5,25
2024-09-03,P5,25
2024-09-04,P5,28
2024-09-05,P5,35
2024-09-06,P5,28
2024-09-07,P5,25
2024-09-08,P5,22
2024-09-09,P5,20
2024-09-10,P5,9
2024-09-11,P5,27
2024-09-12,P5,18
2024-09-13,P5,13
2024-09-14,P5,27
2024-09-15,P5,15
2024-09-16,P5,20
2024-09-17,P5,18
2024-09-18,P5,23
2024-09-19,P5,14
2024-09-20,P5,16
2024-09-21,P5,22
2024-09-22,P5,11
2024-09-23,P5,13
2024-09-24,P5,22
2024-09-25,P5,22
2024-09-26,P5,18
2024-09-27,P5,11
2024-09-28,P5,19
2024-09-29,P5,27
2024-09-30,P5,23
2024-10-01,P5,10
2024-10-02,P5,9
2024-10-03,P5,24
2024-10-04,P5,22
2024-10-05,P5,23
2024-10-06,P5,12
2024-10-07,P5,21
2024-10-08,P5,14
2024-10-09,P5,20
2024-10-10,P5,25
2024-10-11,P5,17
2024-10-12,P5,23
2024-10-13,P5,18
2024-10-14,P5,14
2024-10-15,P5,20
2024-10-16,P5,20
2024-10-17,P5,15
2024-10-18,P5,14
2024-10-19,P5,15
2024-10-20,P5,27
2024-10-21,P5,15
2024-10-22,P5,25
2024-10-23,P5,22
2024-10-24,P5,17
2024-10-25,P5,12
2024-10-26,P5,22
2024-10-27,P5,19
2024-10-28,P5,20
2024-10-29,P5,14
2024-10-30,P5,16
2024-10-31,P5,22
2024-11-01,P5,19
2024-11-02,P5,18
2024-11-03,P5,17
2024-11-04,P5,23
2024-11-05,P5,19
2024-11-06,P5,18
2024-11-07,P5,18
2024-11-08,P5,19
2024-11-09,P5,10
2024-11-10,P5,23
2024-11-11,P5,14
2024-11-12,P5,8
2024-11-13,P5,26
2024-11-14,P5,21
2024-11-15,P5,31
2024-11-16,P5,13
2024-11-17,P5,22
2024-11-18,P5,10
2024-11-19,P5,21
2024-11-20,P5,19
2024-11-21,P5,26
2024-11-22,P5,15
2024-11-23,P5,30
2024-11-24,P5,25
2024-11-25,P5,29
2024-11-26,P5,14
2024-11-27,P5,27
2024-11-28,P5,19
2024-11-29,P5,27
2024-11-30,P5,13
2024-12-01,P5,20
2024-12-02,P5,24
2024-12-03,P5,27
2024-12-04,P5,14
2024-12-05,P5,26
2024-12-06,P5,23
2024-12-07,P5,20
2024-12-08,P5,11
2024-12-09,P5,29
2024-12-10,P5,14
2024-12-11,P5,15
2024-12-12,P5,19
2024-12-13,P5,14
2024-12-14,P5,33
2024-12-15,P5,19
2024-12-16,P5,23
2024-12-17,P5,24
2024-12-18,P5,15
2024-12-19,P5,19
2024-12-20,P5,15
2024-12-21,P5,10
2024-12-22,P5,20
2024-12-23,P5,22
2024-12-24,P5,17
2024-12-25,P5,20
2024-12-26,P5,20
2024-12-27,P5,24
2024-12-28,P5,24
2024-12-29,P5,19
2024-12-30,P5,18
